<?xml version="1.0" encoding="UTF-8"?>
<component name="HomeScene" extends="Scene" xsi:noNamespaceSchemaLocation="https://devtools.web.roku.com/schema/RokuSceneGraph.xsd">
    <script type="text/brightscript" uri="pkg:/components/HomeScene.brs" />	
    
    <children>
        <Video
            id="Video"
            translation="[0,0]"
            width="1920"
            height="1080"
            enableUI="true"
            loop="true"
        />
        
        <Rectangle
            id="BottomBar"
            translation="[0,1080]"
            width="1920"
            height="335"
            color="0x000000FF"
            opacity="0.7">
            <RowList
                id="RowList"
                itemComponentName="RowListItems"
                translation="[100,65]"
                numRows="1"
                rowItemSize="[[267,150]]"
                rowItemSpacing="[[30,0]]"
                itemSize="[1720,300]"
                rowFocusAnimationStyle="floatingFocus">
            </RowList>
        </Rectangle>
        
        <Animation
            id="ShowBar"
            repeat="false"
            duration=".2"
            easeFunction="linear">
            <Vector2DFieldInterpolator 
                fieldToInterp="BottomBar.translation"
                key="[0,1]"
                keyValue="[[0,1080],[0,745]]"
            />
        </Animation>
        
        <Animation
            id="HideBar"
            repeat="false"
            duration=".2"
            easeFunction="linear">
            <Vector2DFieldInterpolator 
                fieldToInterp="BottomBar.translation"
                key="[0,1]"
                keyValue="[[0,745],[0,1080]]"
            />
        </Animation>
        
        <Label
            id="Hint"
            height="50"
            width="400"
            text="Press UP/DOWN for Channels"
            font="font:SmallBoldSystemFont"
            translation="[1500,50]"
        />
        
        <Timer
            id="Timer"
            repeat="false"
            duration="3"
        />
        
        <!-- EPG Grid Overlay -->
        <Group
            id="EPGGrid"
            visible="false">
            <Rectangle
                width="1600"
                height="800"
                color="0x202020"
                opacity="0.95"
                translation="[160,140]" />
            <Label
                id="EPGTitle"
                text="Program Guide"
                translation="[200,180]"
                font="font:LargeBoldSystemFont"
                color="0xFFFFFF" />
            <Label
                id="EPGChannel"
                translation="[200,230]"
                width="1400"
                font="font:MediumSystemFont"
                color="0xFFFF00" />
            <Label
                id="EPGContent"
                translation="[200,280]"
                width="1400"
                height="600"
                font="font:SmallSystemFont"
                color="0xFFFFFF"
                wrap="true" />
        </Group>
        
        <!-- Info Label for EPG errors -->
        <Label
            id="InfoLabel"
            translation="[600,400]"
            width="800"
            height="100"
            font="font:MediumSystemFont"
            color="0xFFFFFF"
            visible="false"
            wrap="true" />
    </children>
</component>