{
  "Bloomberg TV": "bloomberg_tv.png",
  "CNBC": "cnbc.png",
  "CNN": "cnn.png",
  "Fox Business": "fox_business.png",
  "Fox News": "fox_news.png",
  "HLN": "hln.png",
  "MSNBC": "",
  "Newsmax": "newsmax.png",
  "C-SPAN": "cspan.png",
  "C-SPAN 2": "cspan_2.png",
  "A&E": "",
  "SYFY": "syfy.png",
  "TBS": "tbs.png",
  "TLC": "tlc.png",
  "Trutv": "",
  "AMC": "amc.png",
  "American Heroes Channel": "american_heroes_channel.png",
  "Animal Planet": "",
  "BBC America": "",
  "Bravo": "bravo.png",
  "Crime Investigation Network": "crime_investigation_network.png",
  "Destination America": "",
  "Discovery Channel": "discovery_channel.png",
  "Discovery Family": "discovery_family.png",
  "Discovery Life": "discovery_life.png",
  "E Entertainment": "",
  "Food Network": "food_network.png",
  "Freeform": "freeform.png",
  "Fuse TV": "fuse_tv.png",
  "FYI": "fyi.png",
  "Hallmark": "hallmark.png",
  "Hallmark Family": "",
  "Hallmark Mystery": "",
  "HGTV": "hgtv.png",
  "History Channel": "history_channel.png",
  "IFC": "ifc.png",
  "Investigation Discovery": "investigation_discovery.png",
  "ION": "ion.png",
  "Lifetime Movies": "lifetime_movies.png",
  "Lifetime": "lifetime.png",
  "Logo": "logo.png",
  "Motor Trend": "",
  "MTV2": "",
  "MTV": "mtv.png",
  "National Geographic": "national_geographic.png",
  "Nat Geo Wild": "nat_geo_wild.png",
  "OWN": "",
  "Game Show Network": "game_show_network.png",
  "Boomerang": "boomerang.png",
  "Cartoon Network": "cartoon_network.png",
  "Disney Channel": "disney_channel.png",
  "Disney Junior": "disney_junior.png",
  "Disney XD": "disney_xd.png",
  "Nick Jr": "",
  "Nickelodeon": "nickelodeon.png",
  "Nicktoons": "",
  "Cinemax": "cinemax.png",
  "FX Movie Channel": "fx_movie_channel.png",
  "HBO": "hbo.png",
  "HBO 2": "hbo_2.png",
  "HBO Family": "hbo_family.png",
  "HBO Signature": "hbo_signature.png",
  "MoreMax": "",
  "MovieMax": "moviemax.png",
  "BET": "bet.png",
  "BET Her": "",
  "CMT": "cmt.png",
  "ABC Los Angeles": "",
  "ABC New York": "",
  "CBS Los Angeles": "cbs_los_angeles.png",
  "CBS New York": "cbs_new_york.png",
  "CW San Diego": "",
  "CW Washington DC": "cw_washington_dc.png",
  "Fox Los Angeles": "fox_los_angeles.png",
  "Fox New York": "fox_new_york.png",
  "MeTV Toons": "",
  "MeTV": "",
  "NBC Los Angeles": "nbc_los_angeles.png",
  "NBC New York": "nbc_new_york.png",
  "Comedy Central": "comedy_central.png",
  "FX": "fx.png",
  "FXX": "fxx.png",
  "ACC Network": "acc_network.png",
  "Altitude Sports": "altitude_sports.png",
  "Big Ten Network": "big_ten_network.png",
  "CBS Sports Network": "cbs_sports_network.png",
  "Chicago Sports Network": "chicago_sports_network.png",
  "ESPN": "espn.png",
  "ESPN Deportes": "espn_deportes.png",
  "ESPN News": "espn_news.png",
  "ESPN U": "espn_u.png",
  "ESPN2": "espn2.png",
  "FanDuel Sports Indiana": "fanduel_sports_indiana.png",
  "FanDuel Sports Detroit": "fanduel_sports_detroit.png",
  "FanDuel Sports Florida": "fanduel_sports_florida.png",
  "FanDuel Sports Great Lakes": "fanduel_sports_great_lakes.png",
  "FanDuel Sports North": "fanduel_sports_north.png",
  "FanDuel Sports Ohio": "fanduel_sports_ohio.png",
  "FanDuel Sports Oklahoma": "fanduel_sports_oklahoma.png",
  "FanDuel Sports San Diego": "fanduel_sports_san_diego.png",
  "FanDuel Sports SoCal": "fanduel_sports_socal.png",
  "FanDuel Sports South Carolina": "fanduel_sports_south_carolina.png",
  "FanDuel Sports Tennessee": "fanduel_sports_tennessee.png",
  "FanDuel Sports West": "fanduel_sports_west.png",
  "FanDuel Sports Wisconsin": "fanduel_sports_wisconsin.png",
  "FanDuel Sports Southeast Georgia": "fanduel_sports_southeast_georgia.png",
  "FanDuel Sports Southeast North Carolina": "fanduel_sports_southeast_north_carolina.png",
  "FanDuel Sports Southeast South Carolina": "fanduel_sports_southeast_south_carolina.png",
  "FanDuel Sports Southeast Tennessee": "fanduel_sports_southeast_tennessee.png",
  "FanDuel Sports Sun": "fanduel_sports_sun.png",
  "FanDuel Sports Tennessee East": "fanduel_sports_tennessee_east.png",
  "Golf Channel": "golf_channel.png",
  "Marquee Sports Network": "marquee_sports_network.png",
  "MASN": "masn.png",
  "MLB Network": "mlb_network.png",
  "Monumental Sports Network": "monumental_sports_network.png",
  "MSG": "msg.png",
  "MSG Plus": "",
  "NFL Network": "nfl_network.png",
  "NFL RedZone": "",
  "NHL Network": "nhl_network.png",
  "NBA TV": "nba_tv.png"
}